date, user_name, likes, comment 
2021.09.17, Linda琳, 390, 我的爷爷跟这位爷爷一样的病，现在庆幸我们全家没有那么自私的挽留爷爷。虽然那种失去亲人的痛是刻骨的，可是，我还是庆幸没有让我亲爱的爷爷没有遭这样的罪，您长眠，我长念，我爱您爷爷 
2021.09.17, 果然, 133, 怎么理解生命，对待生命，有尊严的活，是需要学习的。 
2021.09.17, 华华, 121, 谢谢您和我想法一样！icu让我父亲插管，我家都不同意，老公问我为什么，我说古代只有仇恨到极点才让人求生不得求死不能！我接我父亲回家了，被医生诊断一个月生命期的父亲现在挺过半年多了，无创呼吸机缓解病情 
2021.09.17, 枫海昕辰, 104, 这个视频真的很好很好。 
2021.09.17, 坚强的石头, 80, 如果有一天我这样了，希望家属家属让我安安静静的走， 
2021.09.17, 阿仔, 51, 我的母亲就是这个过程，我很认真的看视频，让我回忆起我的抉择，我的母亲就是这样给我抉择痛苦走的，妈妈，我对不起你，到现在看所有这些ICU的视频，我的痛苦流泪。救与不救至今同样无法抉择，都无法放过自己。 
2021.09.17, 夭夭, 64, 这是生不如死的痛苦儿女为了所谓的面子让老人受苦苦 
2021.09.17, 派大星、, 60, 很用心的视频，谢谢 
2021.09.17, 风铃, 53, 经历过所以理解医生更理解家属 
2021.09.17, 抓抓的女王, 32, 我认为还是要尊重个人意愿。提前和身边人说好交待好。这样家人心里也不会那么沉重。 
2021.09.17, 墨染年华ら, 35, 生与死，看到这些心里会隐隐作痛 
2021.09.17, 萍萍, 28, 感情上家属们是万般不舍，但是对于老人来说，一年零四个月，那是生不如死的折磨。我婆婆就是到最后插气管，医生说只是让她醒过来看看家人而已，最终还是要走的，但是我们选择了让她在昏迷中安静舒服的走。 
2021.09.17, 江江, 27, 哎，真的没有意义，所有人都痛苦 
2021.09.17, 暴躁君请歇歇, 23, 不知道说什么好，老人太痛苦了 
2021.09.20, 小盐小糖, 20, 每个人都是哭着来到这个世界，希望走的那一刻，可以笑着离开。琼瑶曾说：帮助我没有痛苦地离开，比千方百计让我痛苦地活着，意义更大。 
2022.02.08, 一路向北, 2, 是和六爷拍视频的老王吗 
2022.01.26, 俗人一族, 2, 这不是他 
2022.03.04, 美你屋美容馆, 0, 这不像老王 
2022.02.22, 66, 0, 想到了我的父亲，也是这样在ICU里面住了10多天后走了，心如刀绞 
2022.02.17, 容我爱你 深不见底 , 0, 其实这也是两难的选择，放弃治疗一个是不甘心，再一个就是会觉得自己不孝，不放弃治疗老人还遭罪，太难选择了，等我有那一天，我提前跟孩子说，不用考虑，直接放弃！ 
2022.02.16, 二, 0, 一路走好 
2022.02.09, 暖心（拒私聊）, 0, 好可惜 
2022.02.08, 陌生人, 0, 我默默的看完了，似乎想说什么但是又不知道说什么。我闭上眼睛叹了一口气。无奈的滑到下一个视频 
2022.02.07, @仙居饼佬工业路总店, 0, 我爸就是这样走的 
2022.01.27, 浅笑柔, 0, 如果有一天我病了决不受这样的醉 
2022.01.26, ！, 0, 我一个叔公也切气管已经维持一年了，确实生命只有一次但是活着我们都看得见 
2022.01.25, 不知道是谁的谁, 0, 感谢你记录了老王的最后一程 
2022.01.25, 岁月静好, 0, 看到这个视频，心如刀绞，我妈妈也是，一个人在Icu里苦苦的孤独的撑过了三十多天，终究去了天堂，看似孝顺的我们，其实对她是一种很残忍的折磨，哎！故事没看完，心真的一阵一阵的痛 
2022.01.25, 顺顺顺, 0, 老王一路走好 
2022.01.22, 回忆, 0, 唉，我婆婆那天也被医生插管走了 
2022.01.20, 郑, 0, 感动 
2022.01.19, aaaaa, 0, 有钱去帮有需要的人可以吗 
2022.01.19, 珍惜, 0, @ 
2022.01.17, 谢谢你的爱……, 0, 王叔叔你的视频非常好，每天看你视频都是开心， 得知你这个消息心里很难受！王叔一路走好 
2022.01.12, メOnly◇廻鳦, 0, 终于走了不应该是最终吗？ 
2022.01.12, 最咸的那条, 0,  
2022.01.09, 静静♡, 0, 如果是我 我也会继续坚持治疗 
2022.01.01, 心心念念~, 0, 假如有一天我想让自己走的那句都说不出来咋办 
2021.12.30, Kevin, 0, 老王 村花在等你 
2021.12.29, 傻缺很多，变态能火, 0, 好走～王爷爷 
2021.12.29, 天天蜜米, 6, 这个就是跟六爷，村花，拍段子那个老王，刚刚看了好多评论就是这个王爷爷， 
2021.12.29, 张先生, 0, 当初我爷爷就是要插管，我一个孙子看着我爷爷真的觉得他好难过，最后还是走了 
2021.12.28, jysm6688, 0, 我外婆走之前也是这样，满身插满管子。想想好想哭 
2021.12.27, 随风公子, 4, 这是六爷那个老王吗 
2021.12.24, 歇哈, 0, @@倩_ 
2021.12.23, 丁伟, 0, 56岁孙子都结婚了？ 
2021.12.23, 我不是不想我也想, 4, 这个是课余时间的老王吗 
2021.12.20, 小许在界何, 1, 死不是一个人的事，不是一家人的事！ 
2021.12.14, BetterChloe, 0, 慢性支气管炎这么严重的吗？？？ 
2021.12.14, 成曦, 0, 有一天我老了，请让我没有痛苦的走吧，总比让我痛苦的活下去，更有意义的多 
2021.12.13, 小明, 0, 有钱难，没钱更难，害怕 
2021.12.13, 荷花, 0, 我53岁，我跟我老公说了，但凡我有了急病，比方说脑梗死，心梗呀啥的，自己说了不算的时候就不要抢救了，让我痛快点，别让我遭罪，我怕疼 
2021.12.12, 花花花, 0, @酱板鸭Maruki 感触好深 
2021.12.12, 小白兔, 0, @细雨如歌：如果是这样，儿女们都不应该这么自私，让病人少受一点痛苦快点解脱吧！这才是真正的孝敬 
2021.12.12, 我还记得……, 0, 也要珍惜生命的最后一次真严！ 
2021.12.12, jun, 1, 为什么折磨他 
2021.12.08, 水果岚, 1, 我爸爸也气切了真的很痛苦后悔 
2021.12.07, orange, 0, 看着让人感到心疼无奈，想到多年后的自己，眼泪情不自禁的流了下来，命运有时候真的没办法掌握在自己的手之上 
2021.12.07, 糖糖妈^O^Keroo炫点合伙人, 0, 我经历过爷爷奶奶的离去，但是我还是希望他们多留一下这个世界，一旦放手，他们就真的不在了，我也觉得自己自私，但是真的真的不舍得，真的不舍得 
2021.12.07, 愿安, 1, ta只是跳出了时间，变成宇宙里最原始的组成部分，分子原子，慢慢的重新构建成你身边的其他事物。以后为你遮风挡雨的大树是她，为你抵挡寒冷的毛衣是她，亲人的身份消失了，其实她无处不在 。她离开了却散落四周 
2021.12.07, cuckooyoyo, 0, 道理都懂，可作为亲人怎么舍得放弃啊 
2021.12.07, 大华杨胖, 0, 选择恐惧症 
2021.12.06, 坨坨君_, 0, 奶奶在10.19号离开了我们。送到了医院，本打算不做胃管，但医生说不插胃管没法吃东西。两天后奶奶走了，我看着她鼻子里的管子，眼泪不住流了下来，我跟我妈说，早知道这么早就走了，不应该让她再受这份罪了.. 
2021.12.11, 细雨如歌, 0, 如果是这样，儿女们都不应该这么自私，让病人少受一点痛苦快点解脱吧！这才是真正的孝敬 
2021.12.06, 阔阔兔, 0, 哎，怎么说呢，医生，家属，患者，都受了折磨………可是真的要拔管，又谈何容易…… 
2021.12.06, 清清1005., 0,  
2021.12.05, 白桦6018, 2, 这样的片子在电视台很难看到，很真实，触碰人心。 
2021.12.05, 李木木夕, 0, 很能理解哎 
2021.12.05, 天岚, 0, 我们这里管去世的老人叫喜丧，意思就很明显。 
2021.12.03, 大V, 0, 讲得特别好 
2021.12.03, 7877改名字了, 0, 生如夏花之绚烂，死如秋叶之静美。热爱生命，尊重生命。 
2021.12.02, Tao濤, 0, 太受罪了 
2021.12.02, 小雨、, 0, 我妈因车祸头伤的很重，我们全家奋力挽留，留下了我妈生命，气管插管胃管，尿管带了快三年，植物人。不会说话，不会走路，我们就这样默默地照顾她，有时候想想假如她会说话，会表达，她肯定不愿意这样不体面的活着。 
2021.12.02, 流年, 1, 人到这一步时，最为难做选择的就是家人！真的是矛盾！心都碎了 
2021.12.01, 狼图腾, 0, 我父亲走的时候，我们兄妹三人都不准备抢救了，父亲肺癌晚期，没有告诉过老父亲，老父亲坚持了三年半，最后全身转移了，我们觉得让父亲有尊严的走， 
2021.12.01, zyl, 0, 唉 
2021.12.01, 公主, 0, 残忍的孝顺 
2021.11.30, 行者, 0, 我当年放弃给老爸插管，时常内疚，没有床前尽孝，没有尽力 
2021.11.29, 唐焕烨, 0, 很现实，我爷爷走的时候没给他插管，让他走了。 
2021.11.29, 昊铭企划, 0, 勉强延续的身后太多的故事 
2021.11.29, 谁是谁的谁？, 0, 多么残忍的"孝顺" 
2021.11.29, Catherine chang, 0, 殘忍的孝 
2021.11.29, 莫棉, 0, 某一天乳腺癌的我也会离开，我也选择静静的离去不要挽留 
2021.11.29, 一一二, 0, 是让病人痛苦，还是让自己痛苦，如果是我我选择自己去承受也不想家人在最后还承受那样的折麽 
2021.11.29, 岩涩, 1, 子女在这个时候的无奈只有经历过的人才会体会到，救与不救都是痛苦的选择。救了，看到老人没有尊严、没有质量的活着，对子女也是一种折磨，直到老人走了！不救，抉择的时候痛不欲生，且这种痛会一直折磨着子女！ 
2021.11.28, 容颜易老……, 0, 看到这个视频心中释怀了当初为爸爸做的决定是正确的。没让他受这种痛 
2021.11.28, 哆啦莱莱, 0, 其实我们作为儿女家人 舍不得是很正常的 只要他还有活的希望都不愿意放弃 放弃好像是一件很残忍的事 但是有没有想过作为躺在床上的那个人活着有多痛苦 让他安安静静的走吧 这才是最好的解脱 
2021.11.26, 玉润梅香, 1, 我妈妈曾经在健康状态下留下过话 万一她出现重症不清醒时 不允许我们送医院抢救 我们一家人才能听从医生的话 做出放弃有创抢救的决定 让妈妈按照她的意愿离开了人世 
2021.11.22, 娜。。娜爱吃辣, 0, 我爸也是这病，67岁，老王经历的，我爸经历过两次，今年住院半年才出院，目前状态还好，气管切开，留了金属管，不能说话了，每天在家吸氧，看电视，但我明白，不知道哪一次，就回不来了，我不舍！在的时候多陪他！ 
2021.11.10, 蚝油捞面乐悠悠, 0, 父母在，家就在！我爸也在医院 
2021.11.06, 王小明同学, 0, 子女不是舍不得挽留，而是孙子马上要结婚，不想丧事影响婚事 
2021.11.05, 小玲玲, 0, 我爸爸肺癌晚期，第一次化疗的第三天爸爸突然恶化，医生让我们决定要不要插管，我问人是清醒的吗，医生说是清醒的，我们真的舍不得让爸爸清醒的插管躺在陌生的地方，医生说不要进去了，没有必要了，安静走吧 
2021.11.01, 林儿响叮当, 1, 如果真的留不住，就要学会放手！ 
2021.10.31, Xiahzart, 3, 爷爷因为肺病最后离开，我一直因为最后妥协了没有送爷爷去医院内疚了这么多年，今天看完了视频释怀了，纵使当时有太多的舍不得但是最后让他体面的离开是最好的安排吧 
2021.10.24, 荼靡, 0, @仙女味ii 在ICU见过无数个这样的病人 
2021.11.22, 峰, 1, 我爸13号也是重症监护室昏迷送回了家，第二天早上的二点四十八分永远离开了我 
2021.10.22, 不要哭 不要哭, 1, 说出“但我老了，可千万不要这样”的时候，儿子也承认了这是痛苦的折磨！却依然执拗的折磨着自己的爸爸！ 
2021.10.21, 辰星房产中介, 0, 我爸爸也是这种病，希望以后不会这么痛苦 
2021.10.21, 捡破烂的哥斯拉, 1, 看了心很痛……无论是坚持还是放弃，都是一辈子无法逃避的痛，失去至亲也等于失去自己的半条命，今后是无穷无尽的思念…… 
2021.10.21, 面筋辣条是两只猫, 1, 我的姥姥走的时候，我妈说了一句，妈没了，这个家就真的没了 
2021.10.21, 粒♛籽, 1, 自己都不愿意忍受的痛苦，却让自己的至亲痛苦走向死亡 
2021.10.21, Kitty, 1, 经历过，真的好难，好心痛 
2021.10.21, 快乐小蜜蜂, 0, 看着真让人揪心作为学过社工的，根本没有勇气去接触医疗社工方面，太伤感了 
2021.10.21, 晨晨, 2, 老人到了这个时候，就让他走，不要增加他的痛苦，我的父亲在生命的尽头，我直接说，我不怕别人怎么说，我只想让他解脱，我希望我将来不要受这种苦，给自己，也给家人一个解脱 
2021.10.21, 一颗鲜美多汁的, 0, 都经历过 
2021.10.21, 一颗鲜美多汁的, 0,  
2021.10.20, , 0, @会开花＊ @M 全部看完了 
2021.10.20,  糖宝, 0, @嗯我姓乔 @世态炎凉 太可怕了 
2021.10.20, 猫精, 0, 如果未来我面临如此情况，我希望我的子女子孙，让我有的舒服一些.. 
2021.10.20, 杜欣, 0, 唉 
2021.10.20, 毛哥, 0, 这是个什么纪录片 
2021.10.20, 大白, 1, 刚刚经历了，我们没有选择给爷爷插管，最后不想让他再遭罪了。爷爷，我爱您！ 
2021.10.20, ګۊももこ', 0, 妈妈走之前签了放弃抢救，没有阻拦她。 
2021.10.20, 超超级空白格, 0, 我看过《最后最后的告别》文章提出了一个概念，叫做“善终护理”。他不是无所作为，而是在最后的期限前，以医生的专业判断，为病人的意愿做出最合适的优先顺序。家长型医生存在有必然性 
2021.10.20, 至秦至秦, 0, @咕叽 我看哭了 
2021.10.20, 平凡, 1, 好想我的奶奶，临终前半个月没有说过一句话 
2021.10.20, xiao 周, 0, 家人很舍不得离去，可对于病人自己来说那是痛苦不已的挣扎 
2021.10.20, 娜可不一样, 1, 这算愚孝吗 
2021.10.20, 有窝的牛（横竖口）, 1, 很高级的视频 
2021.10.20, 啊莎童品, 0, 爷爷在我婚礼前20天去世的 
2021.10.20, fatb, 0, 真的受罪 哎 
2021.10.20, 7107107, 1, 我总觉得家人是真的舍不得老人离去，可以说是孩子自私，但是是真的舍不得自己的父母离开 
2021.10.20, xy在心里呢, 0, @@是xy 
2021.10.20, 月下光, 0, 唉:-( 
2021.10.20, ○乎 吸 、, 0, 俗话讲，好死不如赖活着。我们作为子女的有几个放弃那份亲情去告诉大夫停止治疗。他有一口气这个世界上还有爸爸，没有这一口气就什么都没有了 
2021.10.20, ﹌~, 6, 两年前 我也面临过这样艰难的抉择 病人是我的哥哥 如果选择气切 他还能再活十年 可是我没有 我不想让他没有尊严的活着 我依然记得我是怎么跪在爸妈面前求他们别让我哥遭罪了 
2021.10.20, 指尖的信仰, 0, 6 
2021.10.16, yaoyao, 0, 选择有尊严的离去，是我最后的倔强 
2021.10.16, 青鹤, 1, 看着听着……心都抽在一起，如果是我不要选择这样的活着，因为痛和无奈 
2021.10.16, 繁花, 0, 他的儿子们，够狠 
2021.10.16, 文, 2, 不放弃病人痛苦，放弃家人愧疚后悔，两难的选择 
2021.10.15, 小黑哥, 0, 我妈妈 就是这种状态 我让她走了 但现在想想还是很难受 不知道这么做 对还是不对 
2021.10.15, 我们在一起, 0, 文案很棒 
2021.10.15, winniecat, 1, 我爸走的急，虽然不痛苦，但活着的人却很痛苦，我无数次想，要是爸爸活着，哪怕苟且，我也愿意！我会付出一切代价让他活着！ 
2021.10.15, HEp—2, 0, 活着的时候就把尊严踩在了脚底下努力的撑着一家人的生活，等到要死了却连死的尊严都没有，这就是求死不得，求生更办不到！ 
2021.10.15, 杨哈哈, 2, 选择太残忍，怎么选好像都不对 
2021.10.15, 静霄, 0, 我老妈跟我说，如果有一天动不了了，不要让她受罪，该有就走了。 
2021.10.14, 淡然一笑, 2, 不能接受，那怕别人说我不孝，也不能让老人遭这样的罪 
2021.10.13, 蓉蓉蓉蓉不吃香菜, 2, 我宁愿我爷爷能这样活着 起码比我见不到他好 我爷爷走的太快太快 我的想念太久了 
2021.10.12, zoey小鱼儿, 0, 看您的视频眼泪没止住一直流 
2021.10.12, 芳664992, 3, 让老人没有痛苦有尊严的离去也是孝顺 
2021.10.12, 遇见•田, 1, 很多时候抉择太难了，维持老人痛苦，不维持就是永别 
2021.10.11, 橘橘, 1, 我奶奶在医院住了2年多，今年走了，看着她都好痛苦，但一句话说的对，很多事情不是一家人说了算 
2021.10.14, 用户6399757027169, 0, 每个人每个家的决定都会有人支持也会有人反对，这种，两方面想都有道理吧，怎么做都会被骂，也都躲不过良心。太难了 
2021.10.11, 慰茹凉, 2, 我的爸爸跟这位爷爷一样的病，我们没有那么自私的挽留爷爷。虽然那种失去亲人的痛是刻骨的，可是，我还是庆幸没有让我亲爱的爸爸没有遭这样的罪，您长眠，我长念，我爱您爸爸 
2021.10.11, 尹惠子, 2, 如果我活着清醒的时候，自己签好放弃过度治疗和抢救的同意书，能行不？ 
2021.10.11, 草酸艾斯-, 0, 看个片头就忍不住哭 
2021.10.11, Rea, 0, 但是我做不到看着老人走了什么都不做 
2021.10.09, 成都京城御方堂, 4, 这个时候 尊重一下老人的意见吧，真的是难以忍受的痛苦啊 
2021.10.08, 安康, 0, 这个视频看哭了我，真的为这个老人痛苦，赞成医生的观点 
2021.10.08, 荆棘木头, 1, 感谢这个视频带给更多的人觉醒！人总要面对生老病死！谁也逃不过！可是我们在尊重生命的同时也请尊重它的痛苦 
2021.10.08, 慢时光, 0, 没有生活质量，消耗孩子，让我平静没痛苦的走 
2021.10.07, 凡人茶事 仙女下凡的凡 文汇路最美茶艺师, 1, 我奶奶也是，年轻时结扎留下的后遗症，现在七十多了，一年住院好几次，几年前医生建议切管，后来没切，家庭呼吸机，每天吸氧7-8小时，现在生活都能自理 
2021.10.07, 星空暖阳, 2, 我不能接受没有尊严的活着，太难过了 
2021.10.06, 萝卜坨坨, 1, 想起了我奶奶，当年也是在没有回转余地的情况下，我劝老爸和叔叔他们不要做没有意义的抢救，那种抢救只会让奶奶的全身插着各种管子。从当初劝说直到此时此刻，我都不知道是自己冷血还是冷静 
2021.10.06, 可乐炸鸡, 0, 真的不知道是孝顺还是不孝 
2021.10.05, 小11, 0, 好心酸 
2021.10.05, 浅奏離歌, 3, 让老人有“尊严”的离开是最好的孝心！ 
2021.10.05, 我叫元元姐, 1, 如果我有那么一天，希望我能体面的离开 
2021.10.05, 清欢, 1, 生与死都是如此的身不由己 
2021.10.04, 用户3041881789423, 1, 没有质量的活着，对病者是一种折磨，对生者也是一种折磨，愿大家都能理解作者的苦心！ 
2021.10.04, 橙子, 1, 爸爸的抢救也是那么痛苦，在ICU15天就走了，如果最后不折腾可能他会少受罪 
2021.10.04, 十一月, 1, 看得热泪盈眶！生命的最后如果这样没有尊严，没有质量的活着，该是多么痛苦的事情，“让我走”大概是每一个这样病人的心声吧！ 
2021.10.04, user4843248516128, 0, 这样活着痛苦他的儿女何常不知道，可是有些事情那有狠的下心放弃呢，不是在乎外人怎么说，他是他们的父亲怎么舍得放开呢，我很理解他们的心情 
2021.10.04, 孤城画角, 1, 太感同身受了，我爸爸就是这样，我知道切开气管只是让他活着，维持不了太久，但是我真的没有办法，在他还有呼吸的时候，拔掉氧气管～ 
2021.10.03, 雪域晨曦, 2, 真的很难很难，想想人真的没意思。 
2021.10.03, 梓涵宝贝, 0, 视频太好了 
2021.10.01, 晴天~, 0, 在icu实习过，很压抑，也有一个爷爷六十多岁家里有条件家人什么医疗都给上，但很痛苦，在icu一天天脸色更差 
2021.10.01, 晴天~, 0, 临终关怀 
2021.09.29, 愤怒的兔子, 0, 平台就应该多点这种好视频，满满的正能量 
2021.09.29, 咖啡是美式, 2, 试想一下，如果我的爸爸或者妈妈，我也舍不得他们走，不插管，我就没有爸爸妈妈了，我害怕，恐惧，我也知道这是不对的，但我舍不得，自私的决定很容易但另一个决定却是那么的艰难 
2021.09.29, WHWH, 0, 背景音乐是什么名字很好听 
2021.09.28, 时光滥好人, 1, 这个真的看不下去，每一个故事都会哭，颤抖的哭，是不是看的了这个，就能敢面对生死 
2021.09.28, 用户770227, 0, 这样的儿女为了自己的面子，让老父亲受这样的罪，太自私啦！ 
2021.09.28, 汤 小 包, 0, 鼻子酸 
2021.09.28, 大苏菲菲, 1, 生命只是时间的过客，哭闹着来，应笑着走。顺应天道好轮回，死亡是生的新开始 
2021.09.28, 游姐姐, 2, 作为儿女确实很难选择让父母走，看完这个视频，如果我自己这样，我希望爱我的人能让我走 
2021.09.27, 常回家看看, 0, 我老爸也是但作为儿子，我不能放弃，无奈啊！ 
2021.09.27, 用户190783, 0,  
2021.09.26, Emma liu, 1, 生不能择时，死也一样，人老了，命在孩子手里！ 
2021.09.26, 子意于心, 0, 一样的感受，但是就想让她多陪我们，可能太自私了，她受了好大罪，走了也解脱了 
2021.09.25, Coffee, 0, 我妈妈刚刚走，庆幸没让我妈受这样的折磨。妈，想你 
2021.09.24, 幸福从来不会缺席, 0, 生命好脆弱 
2021.09.23, 无, 1, 无论是选择放弃还是治疗，对于子女来说都是艰难的选择，而背负的更多，可是目的不就是为了多让父亲陪陪我们 
2021.09.23, 无, 1, 放弃是很难的一个决定，做儿女的怎么会选择放弃呢？那个决定太艰难了，作为子女，谁不想父母可以安享晚年呢？可是，不管怎么样，只要心脏还在跳动，就有爸爸，因为一旦分别要很久很久很久，能多看一眼就多看一眼 
2021.09.23, 尧尧, 0, 我妈和我不止一次的说过，如果她有这样的一天，让我不要救她，她说她不想痛苦。让我将来能尊重她的意见！ 
2021.09.23, 丁绍祥小宝贝, 0, 都好好的 
2021.09.22, 风筝, 0, 我将来老了，还在清醒的时候我一定要留下话如果生命已经无法挽救不要挽救不要插管 
2021.09.25, 女人如烟, 0, 我爸爸去年也这样，一样一样的接受这些治疗，每天都会含糊其辞的说，用颤抖的手这下，我想回家，你们把我送回家，可是，在我们近乎无知的固执下，治疗了三个月后，在我爸爸奄奄一息的情况下，上午回家下午就走了！ 
2021.09.22, , 0, @自然醒oo  
2021.09.22, 琳琳波光, 2, 老慢支真的很痛苦。我爷爷奶奶都是这个病走的 
2021.09.22, Niko酱, 24, 儿子的做法完全可以理解，但是他们经历不了他父亲的绝望。 
2021.09.21, (๑• . •๑), 0, @Scar. 看哭了 
2021.09.21, 双姐, 0, 我们前几个月也是刚刚这样的事情，作为家属真的很难决定…当医生问下一次要不要再抢救时，你真不知道怎么回答好，90多岁的奶奶没有作第二次抢救就走了… 
2021.09.21, 君言小姐姐, 0, 我想我爷爷了 
2021.09.21, 悠然入梦, 0, 好视频 
2021.09.21, ᥫᩣ෴₅₂₀¹³¹⁴, 3, 这么活着太痛苦了，哎 
2021.09.20, 小辛, 2, 太残忍了 
2021.09.20, A遗忘, 0, 我在想我舅舅也是慢阻肺，以后会不会也是这样，多难受 
2021.09.20, 橙子和玉米, 2, 我的爷爷也生病了，不知道还要熬到什么时候 
2021.09.19, 我很高贵, 2, 感谢你能用这种方式合理公平叙述现在生活的无奈和痛苦。感谢 
2021.09.19, 疯爷的涅槃, 0, 尊严的走，苟且的活，如何选择 
2021.09.19, 赖毛, 2, 视频拍的真的特别好 
2021.09.19, 告诉自己一个坚强的理由, 1, 人的生命，到最后自己不能选择，作为儿女，尽力的挽留父亲的生命，作为父亲，这样活着很痛苦，哎，，， 
2021.09.19, ♬娴, 1, 我老妈92岁走的，我很庆幸没让她插管，挽留是我们子女的自私。您长安，我长念 
2021.09.19, 西瓜, 3, 我父亲2018年肺癌，2021.7.31无痛苦走了，爸爸是清醒的走的，最后的时间都在家里，我跟妈妈每日都在家陪着他，最后走的很快，没有什么痛苦，现在已经走了50多天了，每日我都在想他 
2021.09.19, 天地玄黄, 0, 唉！ 
2021.09.19, yuqian2020, 2, 大家都说他好福气，可是谁又知道他最后一段时间有多痛苦。没有亲身经历是体会不到的 
2021.09.19, 麋鹿不迷路-, 1, 所以我没有办婚礼，领了证没多久我奶奶就走了，当然是我们家属签了放弃治疗。因为她很痛苦很痛苦。后面她解脱了。 
2021.09.19, 人间清醒, 0, 什么病 
2021.09.19, 烟花, 1, ICU的日子很难过，不知道白天还是黑夜，只能静静的躺在床上，听着机器的声音（滴滴滴…）；喉管插管后的生活像一个机器人一样，换了普通病房，每天都需要挂针来补充营养，每次换金属气管的时候像用刀割肉一样痛 
2021.09.19, LW LW LW, 0, 无奈啊，自己不能决定自己的生死 
2021.09.19, 风清云淡, 2, 我爸爸就是全身插满管子，在ICU离开我了，我虽然一直没有放弃治疗，但是他还是不愿意在人间受罪离开我，也许我真的不能明白他的受痛苦，愿爸爸在天堂一切安好，爸爸我想您了 
2021.09.19, 露春, 0, @阿仔：我的母亲就是这个过程，我很认真的看视频，让我回忆起我的抉择，我的母亲就是这样给我抉择痛苦走的，妈妈，我对不起你，到现在看所有这些ICU的视频，我的痛苦流泪。救与不救至今同样无法抉择，都无法放过 
2021.09.19, 烽 火, 0, 痛，病人的痛，家人的痛，内心的挣扎，希望逝者安息 
2021.09.19, 掠影, 0, 现在想想，父亲最后呼吸衰竭在梦中走了是多么有尊严。或许我的心里可以稍稍饶恕自己一些，嗨，两年了，我还在时时自责自己做的是否是对…… 
2021.09.19, 宇宙大怪兽l, 0, 2020.6.1号，我爸爸因为慢阻肺，二氧化碳过高，进了icu，也是气管插管，人是清醒的，不知道他当时有多么得难受，好在几天二氧化碳排得差不多，转到了普通病房，现在恢复得还不错， 
2021.09.19, 麗飛, 0, 看的好感动 
2021.09.19, 康乃馨, 2, 清醒的时候一定要给子女交待，如果生命不开逆转，一定不要做无畏的抢救 
2021.09.19, 安, 0, @青春，青色的春天 我看完了 
2021.09.19, 用户1528982423082, 2, 可能是学医的，喜欢看这样的视频，是一位很负责的一生 
2021.09.19, 你的夏夏吖, 2, 为什么呀，为什么那么自私 这种折磨我隔着屏幕都觉得窒息 这真的对老人很残忍很残忍 
2021.09.19, 媿话。, 1, 这就是孝吗？ 
2021.09.19, 静月华沙, 0, 我觉得医生说的对 
2021.09.18, 用户5595096247119, 0, 也太感人了吧……我姥爷也是身体越来越不好了，半年前还知道我是谁，前几天开学前去看他 吃不了东西说不了话了 
2021.09.18, 悲伤玉米狗肉汤, 1, 老头有退休金 
2021.09.18, 紫色秋葵, 2, 都明白，但一般过不了心里那关。 
2021.09.18, 雨畅, 1, 我一定会留医嘱不许插管 
2021.09.18, 白开水, 1, 其实放下 也是一个开始 
2021.09.18, 大宇, 2, 上月我们送走了父亲。父亲是脑干出血，最后是昏迷，多脏器衰竭，是我在放弃进ICU,插管，胸部按压的同意书上签的字。最后父亲平静的离开我们，想他老人家。 
2021.09.18, 虹依旧, 0, 我爸也是肺部感染，没插管，和妹妹两人在普通病房陪他一个月，安静离去 
2021.09.18, 柳絮的思念, 1, 作为子女，有谁希望看到自己的父母离去，哪怕就是一丝丝的一样，也希望有一天能有奇迹出现，哪怕就这样静静地看着。 
2021.09.18, 娜娜姐姐, 0, 我要让我爸爸妈妈好好活着 
2021.09.18, 文登谷米科技手机维修, 0, 应该询问一下爸，儿女无法决定 
2021.09.18, 刘小饱, 0, 我的爷爷奶奶，都是最后死于心肺功能衰竭，肺功能基本没什么用，这种死亡太痛苦了，现在想想，也许走了，才是真正的解脱 
2021.09.18, 果冻是只加菲猫, 1, 我妈妈最后的时光，ICU医生问我需不需要插管时候，我爸想也没想就说插管，天知道当时顶着多大压力不同意插管我不想妈妈最后的日子是这么活着好在姨和舅舅都支持我，但一句话说出来真的需要勇气 
2021.09.18, 轻舞飞扬, 3, 很真实的一个视频，但不是每一个医院每一个医生都这么有人性，我经历过外公，外婆入住ICU晕迷抢救插管，医生不会告诉你不能救，我外婆插管两个月，我都不太敢去看，她五个女儿就是在治与不治中争吵 
2021.09.18, Ty21., 1, 这是儿女的私心真的不舍得啊 
2021.09.18, 娃娃, 0, 我爸已经提前给我说如果有一天他呼吸困难，不要给他插管，他要有尊严的死去 
2021.09.18, 平安喜乐, 3, 只想有尊严的活着，不求生命的长度，只求生命的质量 
2021.09.18, 用户7810641944069, 0, 我爸，也慢阻肺，家里呼吸机，制氧机都有 
2021.09.18, pspaii, 0, 应该肺移植 
2021.09.18, Patrick, 0, 独生子女在外地的怎么办 
2021.09.18, 520竹韵, 2, 我也曾有过这样的经历，那是我的父亲。说实话看到家人有一丝希望在人间，真的想留着，可是到生命危险的边缘时，看到爸爸的难受和日渐消瘦，我觉得自己的决定是错的，因为他痛苦，因为他没有尊严，后来爸爸走了 
2021.09.18, 爆米花, 0, 拨管 
2021.09.18, 小徐同学, 0, 是医生与患者的真实心意表达 
2021.09.18, 浅浅, 0, 感触颇深的视频，没有痛苦有尊严的离开，也未尝不是最好的孝道 
2021.09.18, 笑靥花开, 0, 太过分 
2021.09.18, 非易, 1, 有种爱叫放手 
2021.09.18, 岁月静好, 0, 我家一个人亲戚，肝癌，快90的年纪吧，不吃不喝挺了了一年半才走的，我就不明白他活着的意义，儿子从外地回来一住就是一年半，都瘦的不成样子。 
2021.09.18, 王不留行, 2, 放弃后也会是一辈子的遗憾 确实是两难境地，但是最后我们还是选择了遗憾，让爷爷安详的走了 
2021.09.18, 仙子, 1, 我，也后悔了，给父亲插管，可难受了 
2021.09.18, 景天雪, 0, 无意义的治疗，不如好好的离世。这也是孝顺。而不是以亲情的绑架痛苦而活。 
2021.09.17, 中教乘务（深圳）教育管理有限公司, 1, 很棒的视频，真的很棒 
2021.09.17, 欧欧, 0, 敬畏生命 
2021.09.17, AAA.       喜欢你., 0, 换到自己身上 都不愿连累家人。但有那个儿女能放弃自己父母的生命 若放弃 那就是后半辈子的恨自己 
2021.09.17, 胖仔, 6, 唯有被插过管的人才能经历这种痛，所以长辈到了这时候，绝不插管！ 
2021.09.17, MinMinMin12, 0, 一腔孤勇感情用事的情况下气管插管以后，面临的是更难的选择，更难做出拔管放弃治疗的决定，却要病人承受无尽的痛苦 
2021.09.17, 妙啊, 10, 致敬每一个用心的视频一点小建议，背景音乐稍微低点，有时压过旁白… 
2021.09.17, A-one小丫互相关注啊, 194, 我觉得他的儿子不是孝顺，是自私！这点道理他不懂吗？就是爱面子 这个爷爷太痛苦了 
2021.09.17, Z, 1, 说的真好 
2021.09.17, ～静 香～, 2, 节目做得很好，持续关注 
2021.09.17, ️, 0, @美美鱼 太痛苦了 
2021.09.17, …Leo, 0, @Enmoo 慎重看啊 icu故事很沉重 虽然点赞了 但舍不得你看呢 
2021.09.17, Whn, 1, 有一些是人间事的镜头 
2021.09.17, 善护念, 0, 我闺蜜的公公也是插管在ICU里待了九个月，很少有清醒的时候，就因为家人不同意他走 
2021.09.17, 不成仁变成东, 8, 让更多的人，了解，理解！ 
2021.09.17, 蔚雨, 0, 生与死，孝与顺 
2021.09.17, 通山皇朝车行 @小阮, 15, 其实真的没有必要，这样活着对病人来说太痛苦了。 
2021.09.17, Vivalavida, 0, 深静脉加引流管加尿管就已经很恐怖了 能动却不敢动 
2021.09.17, 绿叶菠, 4, 走心 
2021.09.17, 苍洱心, 1, 谢谢你，让我们看到这些 
2022.02.28, 默默, 0, 儿女们太自私了。老人家不舒服就让老人家安心的走，何必让一个老人这样痛苦。有时候尊重老人心愿也是一种孝顺 
2021.12.28, 小老头, 0, @ 
2021.12.27, 参陆伍, 0,  
2021.12.13, 小陈的陳, 0, @雯 
2021.12.13, , 0,    
2021.12.12, 我才不是小狗, 1, @快点放假（必过教资版） @冰糖肉包子ᴇᴍ @市民小宋 
2021.12.06, 逗你玩, 0,  
2021.11.11, 可乐兮, 0,  
2021.11.01, 家政讲师安老师, 0, @ 
2021.10.23, 牛小牛的妈妈爱种草～, 0,  
2021.10.21, 滿, 0, @小九爱吃泡芙. 
2021.10.20, 十二哥哥, 1, @我没一百分 @欢酱爱蛋挞 
2021.10.20, 冷月夜, 1, @AWM 
2021.10.20, my, 0, @最初 @Nnnnzzzz @袁梦 
2021.10.20, my, 0, @SC 
2021.10.20, 恩, 0, @卖蜡笔的小新 
2021.10.20, 恩, 0, @一池 
2021.10.20, 阿朱啊, 0, @知阿扎 
2021.10.11, Carrie睿, 0,  
2021.10.08, 老茄子麻麻～, 0, @曉ting @小胖儿是超人 @you 
2021.10.05, 超级热情, 0, @李嘎嘎 
2021.10.05, 泊岸, 0, @小辉辉和辉奶爸成长记 
2021.09.28, 旗哥, 0, @  
2021.09.24, 小茹呀, 1, @A 格式化  
2021.09.23, Jennings, 0, @l 
2021.09.20, 想吃积雨云, 0, @＠_＠…故人无少年…＠_＠ 
2021.09.19, xsy, 0, @深处的你 
2021.09.19, 房子, 0, @睡觉爱流口水的房子 
2021.09.19, 是CC呐, 0, 转发 · // 
2021.09.19, LINNNNQ., 0,  
2021.09.19, 拥有生er, 0, @咩. 
2021.09.18, , 0, @Cikd 
2021.09.18, 阮莹, 0, @BTV医者 
2021.09.18, 幽幽, 0,  
2021.09.17, 小美姐姐, 0,  
2021.09.17, …Leo, 0, @Enmoo 
2021.09.17, 是球可爱啊, 0, @毛玛 @用户1815286613356 
2021.09.19, 陈小姐, 0,  
2021.09.17, 小小波42, 8, 以后我要到了不可逆状态，拒绝任何开创性治疗，拒绝插管，拒绝心肺复苏，拒绝呼吸机 
2021.09.17, 牧牛童, 7, 有质量的生命活着才有意义，其实在他插管那一天，他已经离开了人世。 
2021.09.23, 大叔, 1, 唉。我也是遭遇过这种事的，做为子女都想自己的爸妈好起来能挺过来。知道有可能只是能延续几天。子女心里的痛苦和煎熬又有谁知道？ 
2022.03.04, 阿离, 1, 这是六爷那个老王吗 
2022.01.30, Mmmmm, 1, 看日期此老王非老王 
2022.01.25, 卑微的誓言9257, 1, 体面的离开才是最好的归宿。有时候舍不得也没办法，像那样的活着对患者来说是一种煎熬。 
2021.12.01, 中国弱智及低能儿研究中心, 1, 人家有苦衷啊，孙子马上就办婚礼，这时候办丧事?谁能丧事喜事一起办? 
2021.11.28, 隔壁老王, 1, 唉。 
2021.09.17, Серёжа 嘉伦, 1, 如果我有这么一天，我不需要体外维持设备，让我不疼的离开人间，让我有质量的死亡！ 
2021.09.17, 清清和多多, 1, 记得有一个医生说过，如果他的病情到了插管的程度，他坚决放弃 
2021.09.19, 平安是福（努力活着）, 0, 我有一次做完手术醒过来，就是在重症监护室里，手被绑着，眼睛上贴着胶带，嘴里还叉着呼吸管，那个时候真是难受的要死，嗓子里那个管子想吐，吐不出来咽，咽不下去，我只能拼命的拍床，韩医生来给我拔， 
2022.02.26, Who am I, 0, 愚孝 
2022.02.13, 彭悠，, 0, 今天才知道，心痛 
2022.02.11, 霸气的眼, 0, 这不是老王看了几遍 
2022.02.07, 宁乡市第一帥锅代表！浏~嘚~哗, 0, 这个不是六爷里面的老王 
2022.01.29, 、HeB, 0, 你又不是他 你怎么知道他不痛苦 
2022.01.25, 岑, 0, 终于？不是应该终究走了吗？你这用词貌似很没礼貌！ 
2022.01.24, 中年苏大强, 0, 这家人还是在为自已考虑，并没有考虑到父亲插管后的痛苦，这其实比放弃更不孝。医生是有良心的，知道这种病对于病人及家属都是一种精神折磨。说句难听的，这就是花钱让自己的父亲受着生不如死的刑罚。 
2022.01.24, 中年苏大强, 0, 我的父亲也是这样走完人生最后的几年，24小时吸氧，还要戴至少22小时的呼吸机面罩，吃两口饭就要喘半天，每天的活动范围就是床和床边的椅子，真心看着难受，最后也是在昏迷状态下走的。 
2022.01.24, 焰者, 0, 这个不是福建三明的老王 
2022.01.20, 文歌szc, 0, 是和六爷一起那个老王吗？ 
2022.01.17, 琪琪的仙女麻麻, 0, 太狠了儿女 
2022.01.17, 琪琪的仙女麻麻, 0, 我太恨了！！！ 
2022.01.16, 老二, 0, 其实在Icu病床上的老王是想没有痛苦体面的离世，感谢老王为我们带来的欢乐，老王一路走好 
2022.01.15, 叁少, 0, 老王一路走好 
2022.01.01, 意式家厨, 0, 不像老王 
2021.12.29, 冯选, 0, 插管，好痛苦的！ 
2021.12.29, 大  白, 0, 这个老王是天天逗我笑的那位吗？哎 
2021.12.14, 冯锁红, 0, 很好的纪录片 
2021.12.14, 潇洒的我, 0, 都感觉这样才是孝顺，哎，无知者无畏！ 
2021.12.02, 道行, 0, 我父亲就是这样的病走的，不过他生前严厉的跟我们说过，坚决不准给他插管，他不愿意受这罪！ 
2021.12.01, 用户897094710329, 0, 作为医务工作者的我来说好像不应该这么说，我一直认为呼吸机的发明真的可以说是弊大于利的 
2021.12.01, 随遇而安, 0, 儿女这样做并不是孝顺而是让老人活遭罪，有几个臭钱把老人折磨的多痛苦 
2021.11.29, 自由的飞翔, 0, 活着也难。。。 
2021.11.29, 安康, 0, 两年多前，我老父脑出血，手术后也是气切，插管，鼻饲，但两个多月还是走了。爸爸我爱您，想您，您在天堂还好吗？ 
2021.11.08, 小龙哥手游推荐, 0, 不舍是小爱，放手是大爱，但面对抉择时，真的能脑袋清醒吗？ 
2021.11.03, 关关雎鸠，在河之洲, 0, 这几个儿子真的很孝顺，这个年代太少了 
2021.10.26, 菲, 0, 没有尊严的活了生命中最后的一年零四个月 
2021.10.23, 行走的肌肉, 0, 人活着要有质量的活着 
2021.10.21, MissEmmaW, 0, 我经常看到类似的视频，文案和禅语，我明白这是在劝我放下，但失去妈妈的痛苦，遗憾和悔恨，真的没办法轻松放下虽然妈妈解脱了，但我心里特别舍不得希望天下父母安康 
2021.10.20, 十 三, 0, 无奈 无奈的医生 无奈的家人 无奈的老王 无奈。。。各有各的无奈。。。 
2021.10.19, 开心妈妈, 0, 如果有一天我也病入膏肓，必死无疑。我希望我的家人能让我痛快的走，别做无畏的挣扎，别让我受尽痛苦才放我走。 
2021.10.15, z, 0, 病人意识清醒，医生到底听病人本人还是家属的话，医生不应该寻求公安机关帮助，遵从病人本人的意愿吗 
2021.10.15, 透明人, 0, 虽然没有生存质量可言，但从法律上讲生存权不容放弃！ 
2021.10.14, 幽静, 0, 真是没法说对错，对病人很残酷，对活人很折磨，唉 
2021.10.09, 小富贵, 0, 我儿子现在就在ICU痛苦的活着 
2021.10.08, 天啦噜！, 0, @ʕ๑•ɷ•๑ʔ❀ 
2021.10.01, Madusa橙子, 0, 我老奶，九十多去世，她老年痴呆，大过年一起吃饭，说让我们把她推河里弄死，还自己偷跑说要找妈 
2021.09.29, 大脸蛋子兮兮, 0, 跟老公的姥姥一样的病 一年内住了无数次医院 出院两天一天半天不到就得又回医院 婆婆 姨婆舅舅看着痛苦的老人 忍痛不治了。那一刻感觉姥姥是轻松的 
2021.09.28, 韵, 0, 如果我经济可以，我也想我爸继续活着。哪怕插管。不是面子，而是只从他走后“爸爸”这个称呼，我再也没叫过。我想他，很想他。 
2021.09.27, 过往不恋, 0, 我会选择不插管，让老人安静的走，别那么痛苦才是他生命最后的尊严。 
2021.09.21, 松鼠宝宝, 0, 我家婆婆也这样 
2021.09.20, 迷雾678, 0, 人到老了。千万提前和儿女说清楚。到了这一步就是放弃治疗 
2021.09.20, 背影, 0, 终于理解有时候活着像条狗，死了才像个人这句话的含义！！！ 
2021.09.19, 保洁脑细, 0, 我妈在身体没出事前就说了以后不要进ICU不要抢救，她不想太受罪 
2021.09.19, 青柠薄荷, 0, 这样的儿女才是不孝 
2021.09.19, 顺鑫168, 0, 希望在生命的最后不要过度治疗，能有尊严的离开 
2021.09.19, 阿当当, 0, 唉，我的母亲就经历过 
2021.09.18, 息, 0, 何必呢，放手吧 
2021.09.18, 是叶子啊., 0, 很用心很好的视频 
2021.09.18, 木子妈咪, 0, 看到这个视频想到了我的父亲，痛 
2021.09.18, 山里红, 0, 我大姨父一氧化碳中毒，全身插管，等他转入普通病房，他说不应该救他，他插管生不如死 
2021.09.18, 大红袍, 0, 特别理性有内涵的视频 
2021.09.18, 高山流水, 0, 我不会做这样的选择，即使再有钱也不会。尊重生命，让老人有尊严的离开。 
2021.09.18, 千寻, 0, 这种病活着就是遭罪了 
2021.09.18, 阿毛, 0, 如果我到需要急救需要插管，千万不要救我！这是我告诉我女儿的叮嘱！ 
2021.09.18, 若兮, 0, 不要过度治疗 过度抢救 对于病人真的太痛苦了 
2021.09.18, 熙佑, 0, 老人脸色儿不好了，别受罪啦 
2021.09.18, (◦˙▽˙◦), 0, 哎，我奶奶临终前怪我们没让她顺行 
2021.09.17, 旁观者, 0, 一般有无知的人很多， 
2021.09.17, potato, 0, 现在家属还不能到icu服侍 
2021.09.17, ღ᭄ꦿ寂寥心空࿐, 0, 有这样借孝为“孝”的儿女我也是“服”了 
2021.09.17, 茉莉花开姐, 0, 明天是我母亲离开的十七年的祭日。当时因为来不及切管上呼吸机，我自责了很长时间。今天看了您的视频，我终于释然了……谢谢您！ 
2021.09.17, 東東, 0, 老人太受罪了太痛苦了 
2021.09.17, 九儿的华强, 0, 真有钱 
2021.09.17, 用户碧海兰天, 0,  
2021.09.29, 彦, 0, 理解生命，感谢分享 
2021.09.18, 美丽中华, 0, 我家老娘82周岁了，心脏不好，医生说可以做搭桥，我们还在犹豫，她有30年的糖药病史 
2022.01.21, 牛通, 1, 西医真没什么用！ 
2022.02.25, 女头头, 0, 把我这样对待我就把管道给拿掉 
2021.12.30, 辰辰, 0, 这是9月份的视频，9月份人家还好好的，你视频上面写走了，所以这不是他， 
2021.12.13, 为爱而飞, 0, 让他有尊严的，干干净净的走多好！ 
2021.12.12, 淡定的老猫, 0, 老人上辈子欠他们的 
2021.12.04, 快乐天使, 0, 为了儿孙的自私，为了自己颜面，为了所谓的孝顺，让老人受了那么多苦，让老人家生不如死，即便他多活了一年又能怎么样，活的没有尊严，过得没有质量…… 
2021.10.20, 生活处处是遺憾♡_, 0, 这叫生不如死，要正确面对生死，人四代同堂能怎样，都是空气 
2021.10.20, 笑笑, 0, 为了孙子结婚，请您继续辛苦的穿多几个洞 
2021.10.08, ds, 0, 医院里是最能看到人间百态和人情冷暖的地方 
2021.10.05, EGG, 0, 没有祝福的婚礼不会幸福 
2021.10.05, 舒克蜀黍, 0, 看着老人生不如死这不叫孝顺 
2021.09.21, 用户3904284085171, 0, 救吧老人又受罪，不救吧良心上又不好过。唉！如果在加上没有经济实力的又能怎么办，活着的时候多对老人好点吧。 
2021.09.20, 宅大白猫, 0, 养了三个上辈子是仇人的儿子吧 
2021.09.19, 金多多本多, 0, 这简直就是恐怖片 
2021.09.18, 外星人, 0, 这种儿子太自私了 简直就是不孝 
2021.09.18, 三点水～～, 0, 你们想没想到老人愿意不？还是应该首先尊重老人的意愿。 
2021.09.18, 蓶～的ning, 0, 越有钱越受罪！ 
2021.09.18, 夜色初薇, 0, 真的 到了这个时候 做所谓的治疗就是受罪 开放性的救治 病人太受罪了 
2021.09.17, 有一个人, 0, 婚礼推迟不就行了 
2021.09.17, 大老虎, 0, 听着真累呀，你配那么响的音乐干什么？我想听听到底你说的什么？不听了。 
2022.02.21, 雨纷飞, 0, 听到最后才觉得应该不是和六爷配合的那个老王啊，时间对不上啊，这个老王躺在病床上1年4个月，那个老王好像不到三个月吧 
2022.02.09, 江西科美管业有限公司, 0, 这不是抖音的老王吧 
2021.11.01, 巫刚-木恩特宠物生活馆, 0, 这种也算一种幸福吧！要知道99.9%的都是因为经济问题放弃了！在这个视频里我虽然找到了一丝所谓的安慰！愿因为当年我没有经济能力而放弃的叔叔能原谅我！因为我看见的是我的叔叔的求生欲@玩玩玩玩玩而已 
2021.10.20, 多么哇塞的姑娘, 0, 看不得这样的，心里难受 
2021.09.17, 慢慢活着～老郑, 1, 儿女们是在报恩？还是在报仇？ 
2021.10.15, 爱的幻想, 0, 这是不是天道中所理解的，所谓的孝顺，是以父亲的尊严为条件换来的！这是真的孝顺吗？ 
2021.10.08, 赵琳, 0, 对父母我会选择支持，要是自己我选择死亡。 
2021.10.05, 撒娇卖萌赖皮七, 0, 国外的icu患者可以签署不抢救 
2021.10.05, 今晚月光那么美, 0, 真的同样作为icu医生，有深深的体会，感同身受，这里的每一句话我都说过，反复和家属沟通，然而，结果都大相径庭。我们科里所有的同事都曾开玩笑的告知对方，如果我老了这样，请你们一定不要救我 
2021.10.03, 彬哥有理了, 0, 尊严！！！做人最基本的权利都没有，何谈活着 
2021.09.29, 井塘里, 0, 我爷爷胃癌去世，活生生饿死的早知道不如做手术，死在手术台就不会遭这么多罪 
2021.09.29, 小仙女, 0, 爸爸也是肺心脑病，如果当时我们放弃了对爸爸的抢救，爸爸可能就只活到60岁，但是我们不惜一切代价抢救，爸爸活到现在75岁，医生说这是医学奇迹！ 
2021.09.23, 雨1, 0, 就是不理智！我爸脑袋急性脑疝！就是脑死亡了！要不是为了叫我妈有个过程！我根本不支持开脑袋！就叫他走吧！有些病能治疗没钱借钱治疗！有些病拖车也是没意义就是叫他走吧 
2021.09.21, 猫大王の流水账, 0, 支持安乐死立法吧，最起码，让病人可以有权力决定放弃，可以有尊严的离开啊。 
2021.09.20, 用户8539865659626, 0, 好有钱可怜爷爷这么痛苦的活着像死人一样 
2021.09.18, 燕子, 0, 应该尊重患者的自主意愿 
2021.09.18, Saa.5a, 0, 我只是觉得这样有些自私 
2021.09.17, 九儿的华强, 0, 一年零四个月的icu，真有实力！ 
2021.09.17, 九儿的华强, 0, 真他妈有钱！ 
